ExerciseType,ExerciseSubType,Device:xAcceleration,Device:yAcceleration,Device:zAcceleration,Device:xRotationRate,Device:yRotationRate,Device:zRotationRate,AccRms,RotRms,roll,pitch
situp,situp,-0.654174805,0.411743164,-0.08190918,-182.9878049,109.5731707,-66.06707317,0.777294167,223.2838432,-1.374427226,1.44623464
situp,situp,-0.750610352,0.368164063,-0.001220703,-105.5182927,87.71341463,-61.25,0.836039573,150.2641531,-1.567480689,1.569170048
situp,situp,-0.903198242,0.388183594,0.001586914,-62.04268293,49.08536585,-42.07317073,0.983084984,89.60367928,1.566708299,-1.569039334
situp,situp,-0.946777344,0.397827148,0.034790039,-39.32926829,11.25,-34.23780488,1.027552493,53.34398867,1.483568097,-1.534067107
situp,situp,-0.902832031,0.303222656,0.145507813,-32.4695122,-18.07926829,-41.46341463,0.963442878,55.68073201,1.123381057,-1.411002232
situp,situp,-0.873901367,0.23046875,0.174926758,-19.17682927,-22.59146341,-46.92073171,0.920553537,55.4948652,0.921557368,-1.373239598
situp,situp,-0.916259766,0.093017578,0.210083008,-14.32926829,-20.82317073,-63.96341463,0.944626433,68.77681862,0.416821729,-1.345408794
situp,situp,-0.963745117,-0.053710938,0.236694336,-13.59756098,-18.47560976,-75.42682927,0.993837876,78.83811511,-0.223142215,-1.329964542
situp,situp,-0.926879883,-0.205444336,0.274047852,-13.20121951,-15.45731707,-70.09146341,0.988137601,72.9795457,-0.643287265,-1.28331943
situp,situp,-0.90246582,-0.335693359,0.289428711,-8.567073171,-8.75,-62.5304878,1.005437003,63.71827954,-0.859272464,-1.260450573
situp,situp,-0.909179688,-0.420166016,0.305053711,-12.01219512,-9.207317073,-57.13414634,1.046998067,59.10480689,-0.94281243,-1.247073388
situp,situp,-0.863769531,-0.544311523,0.322631836,-16.92073171,-6.463414634,-60.57926829,1.070730656,63.22922297,-1.035736754,-1.213327235
situp,situp,-0.782836914,-0.597167969,0.289672852,-17.10365854,-8.87195122,-53.04878049,1.026330151,56.43952308,-1.119157682,-1.216390348
situp,situp,-0.693237305,-0.623168945,0.291870117,-7.012195122,-8.292682927,-37.43902439,0.976783323,38.98230391,-1.132775992,-1.172297498
situp,situp,-0.696655273,-0.702148438,0.315307617,-5.152439024,-7.195121951,-41.70731707,1.038152152,42.63587345,-1.148723385,-1.145780627
situp,situp,-0.639282227,-0.782226563,0.327636719,-0.335365854,-7.195121951,-34.69512195,1.062029181,35.43492257,-1.174145074,-1.097193126
situp,situp,-0.585693359,-0.758300781,0.31640625,2.195121951,-2.713414634,-19.78658537,1.009043954,20.09204171,-1.175502373,-1.075488804
situp,situp,-0.580932617,-0.765136719,0.317993164,0.579268293,-0.640243902,-7.774390244,1.011946914,7.822186886,-1.176911815,-1.069963853
situp,situp,-0.564941406,-0.787353516,0.330078125,0.487804878,-0.182926829,1.37195122,1.023736255,1.467537384,-1.173827472,-1.042023554
situp,situp,-0.609985352,-0.828491211,0.353637695,4.359756098,6.585365854,16.43292683,1.087905987,18.23226812,-1.167363615,-1.045401234
situp,situp,-0.703491211,-0.958862305,0.372802734,6.18902439,16.43292683,53.99390244,1.246314038,56.77751851,-1.199984907,-1.083490582
situp,situp,-0.778076172,-1.007446289,0.409423828,15.21341463,26.2804878,92.13414634,1.337153105,97.00934463,-1.18478691,-1.086408927
situp,situp,-0.833618164,-0.672241211,0.353515625,36.31097561,37.59146341,146.097561,1.127741454,155.1647589,-1.086662727,-1.169710438
situp,situp,-0.825927734,-0.329956055,0.238891602,28.20121951,42.04268293,147.5304878,0.920921722,155.9748082,-0.944137118,-1.289239794
situp,situp,-0.75378418,0.039794922,0.13671875,17.01219512,28.65853659,122.1036585,0.767115534,126.5702569,0.283245451,-1.391370391
situp,situp,-0.763183594,0.280639648,0.091796875,17.28658537,15.54878049,88.53658537,0.818311968,91.53861239,1.254667363,-1.451089896
situp,situp,-0.80859375,0.452514648,0.071044922,15.09146341,10.6402439,58.59756098,0.929322732,61.43810878,1.415067279,-1.483159059
situp,situp,-0.782348633,0.55871582,0.079711914,20.97560976,7.5,62.40853659,0.964669239,66.26501071,1.429082803,-1.469258749
situp,situp,-0.682128906,0.531982422,0.04675293,22.25609756,12.5304878,53.62804878,0.866308824,59.399618,1.483137196,-1.502363623
situp,situp,-0.616333008,0.633056641,0.003173828,28.47560976,12.71341463,46.95121951,0.883536734,56.36406902,1.565782871,-1.565646838
situp,situp,-0.660766602,0.712646484,-0.056274414,22.65243902,17.37804878,37.83536585,0.973470248,47.39878144,-1.491994447,1.485835998
situp,situp,-0.588867188,0.751953125,-0.064453125,5.640243902,11.67682927,30.45731707,0.957262907,33.10300373,-1.485291033,1.461777553
situp,situp,-0.509033203,0.817749023,-0.106079102,5.914634146,12.59146341,28.65853659,0.969061939,31.8565467,-1.441795839,1.365343479
situp,situp,-0.429321289,0.918945313,-0.138183594,7.56097561,6.31097561,31.73780488,1.023656174,33.23078428,-1.421542639,1.25940233
situp,situp,-0.374023438,0.968261719,-0.17175293,8.68902439,7.37804878,19.90853659,1.052104252,22.94089313,-1.395239649,1.140315052
situp,situp,-0.392822266,1.01184082,-0.16796875,-1.554878049,-0.670731707,-0.823170732,1.098337234,1.882853373,-1.406293315,1.166729933
situp,situp,-0.433959961,0.932373047,-0.118896484,-9.969512195,-7.164634146,-24.20731707,1.03526669,27.14253775,-1.443960588,1.303378362
situp,situp,-0.482299805,0.861450195,-0.090698242,-12.04268293,-3.87195122,-31.03658537,0.991431143,33.51548672,-1.465897259,1.384913577
situp,situp,-0.528808594,0.816894531,-0.049560547,-12.68292683,-5.670731707,-39.81707317,0.974377469,42.17123601,-1.510201144,1.477348149
situp,situp,-0.549926758,0.755004883,-0.021240234,-11.12804878,-5.731707317,-49.9695122,0.934292759,51.51347482,-1.542671167,1.532191765
situp,situp,-0.625488281,0.649169922,0.000854492,-9.573170732,-4.268292683,-58.90243902,0.901475406,59.82776314,1.569480044,-1.569430208
situp,situp,-0.688354492,0.506591797,0.025146484,-13.38414634,-9.024390244,-68.07926829,0.855043567,69.96686189,1.521198483,-1.534281265
situp,situp,-0.719848633,0.42980957,0.039794922,-10,-13.38414634,-60.97560976,0.839346148,63.22309988,1.478472206,-1.515570193
situp,situp,-0.795654297,0.339233398,0.109619141,-11.76829268,-19.90853659,-75.15243902,0.871872361,78.63034804,1.258249626,-1.433885904
situp,situp,-0.944946289,0.188110352,0.230957031,-14.81707317,-18.7804878,-83.7195122,0.990782592,87.07013898,0.68350928,-1.331083016
situp,situp,-1.002319336,-0.079345703,0.244995117,-18.26219512,-12.04268293,-98.20121951,1.034873132,100.6082178,-0.313206316,-1.331068541
situp,situp,-0.956298828,-0.224731445,0.252319336,-12.71341463,-10.76219512,-89.93902439,1.014237013,91.46848563,-0.727632409,-1.31282555
situp,situp,-0.853149414,-0.392211914,0.265869141,-11.79878049,-10.45731707,-78.23170732,0.975899845,79.80455333,-0.975076834,-1.268701914
situp,situp,-0.884155273,-0.534790039,0.298950195,-11.58536585,-15.24390244,-88.93292683,1.075686828,90.97066966,-1.061065944,-1.244744368
situp,situp,-0.853393555,-0.666259766,0.293945313,-8.87195122,-8.963414634,-72.80487805,1.121867409,73.88913715,-1.155295209,-1.239080745
situp,situp,-0.786254883,-0.69909668,0.282470703,-6.341463415,-5.884146341,-47.04268293,1.089367985,47.83148914,-1.186802606,-1.225895128
situp,situp,-0.710327148,-0.701782227,0.295166016,2.62195122,-10,-26.03658537,1.041242493,28.01389666,-1.172662759,-1.176969585
situp,situp,-0.643432617,-0.692871094,0.313110352,6.219512195,-9.725609756,-20.0304878,0.996049185,23.11904536,-1.1463612,-1.117905913
situp,situp,-0.630859375,-0.746948242,0.337158203,1.554878049,-8.170731707,-17.80487805,1.034210269,19.65177307,-1.1467946,-1.079975686
situp,situp,-0.618774414,-0.731933594,0.350341797,3.170731707,-5.487804878,-8.68902439,1.020464569,10.75493779,-1.124372152,-1.055610756
situp,situp,-0.596069336,-0.727172852,0.353637695,1.981707317,-1.158536585,0.884146341,1.004558923,2.459895457,-1.118153608,-1.035330571
situp,situp,-0.60949707,-0.764892578,0.373168945,2.62195122,3.62804878,9.420731707,1.046805806,10.43012713,-1.116898874,-1.021412923
situp,situp,-0.676757813,-0.869995117,0.383911133,3.384146341,12.86585366,34.3597561,1.167167683,36.8452911,-1.155217873,-1.05478323
situp,situp,-0.824829102,-1.02734375,0.465698242,9.085365854,16.79878049,61.8597561,1.397373637,64.74080879,-1.145198829,-1.056813293
situp,situp,-0.8125,-0.794921875,0.406982422,26.2195122,32.28658537,122.4085366,1.20734905,129.281616,-1.097612389,-1.106427824
situp,situp,-0.751098633,-0.470947266,0.298339844,29.81707317,39.51219512,131.7073171,0.935386095,140.7021279,-1.006115943,-1.192702084
situp,situp,-0.865112305,-0.164550781,0.245361328,29.26829268,26.2195122,114.3292683,0.914165434,120.8936614,-0.590752997,-1.294435915
situp,situp,-0.78112793,0.116699219,0.176757813,30.30487805,23.26219512,94.08536585,0.809334835,101.545908,0.58352693,-1.3482588
situp,situp,-0.749755859,0.373535156,0.069702148,20.67073171,23.75,75.39634146,0.840547887,81.70648662,1.38631669,-1.478096316
situp,situp,-0.834472656,0.49621582,0.095214844,16.76829268,24.11585366,69.75609756,0.975520692,75.68793288,1.38121866,-1.457185852
situp,situp,-0.797485352,0.460205078,0.083740234,11.8902439,29.84756098,56.82926829,0.924545308,65.28262043,1.390802778,-1.466174371
situp,situp,-0.66027832,0.506713867,-0.002197266,20.15243902,31.67682927,63.17073171,0.83230477,73.48526149,-1.566460049,1.567468551
situp,situp,-0.636108398,0.697143555,-0.070800781,11.79878049,23.1097561,61.70731707,0.946390924,66.9407576,-1.469584948,1.459949548
situp,situp,-0.62109375,0.78112793,-0.071655273,-1.890243902,17.83536585,51.79878049,1.000526245,54.81593707,-1.479319263,1.455934642
situp,situp,-0.477050781,0.813354492,-0.090942383,11.79878049,10.18292683,48.44512195,0.947308553,50.89040244,-1.459447315,1.382421966
situp,situp,-0.350708008,0.913574219,-0.150756836,20.6097561,4.725609756,42.62195122,0.990122005,47.57861032,-1.407251497,1.164812838
situp,situp,-0.318725586,1.012084961,-0.231445313,16.98170732,10.6097561,32.16463415,1.086033563,37.88811157,-1.345980361,0.942729151
situp,situp,-0.291625977,1.031616211,-0.241821289,6.25,-0.304878049,8.506097561,1.098979187,10.55978912,-1.34054344,0.87849214
situp,situp,-0.32409668,0.999755859,-0.213378906,-2.926829268,-2.682926829,-14.54268293,1.072418292,15.07494785,-1.360520314,0.98855232
situp,situp,-0.369018555,0.961303711,-0.187866211,-10.21341463,-6.676829268,-28.7195122,1.046696342,31.20423478,-1.377800211,1.099897691
situp,situp,-0.411376953,0.895385742,-0.150756836,-13.1402439,-8.841463415,-44.08536585,0.996832106,46.84396404,-1.403990009,1.219525923
situp,situp,-0.51574707,0.818481445,-0.092895508,-12.22560976,-10.12195122,-52.16463415,0.971872672,54.52585154,-1.457782549,1.392588761
situp,situp,-0.586303711,0.699707031,-0.021240234,-4.695121951,-17.16463415,-57.62195122,0.913122729,60.30719773,-1.54044975,1.534584806
situp,situp,-0.636230469,0.685546875,-0.027709961,4.176829268,-14.23780488,-51.46341463,0.935698439,53.55972401,-1.53039809,1.527270496
situp,situp,-0.673217773,0.545410156,-0.024658203,-7.37804878,-8.536585366,-59.42073171,0.866777039,60.48249541,-1.525616707,1.534185313
situp,situp,-0.690551758,0.430786133,-0.017089844,-16.49390244,-5.914634146,-61.95121951,0.814082604,64.38156035,-1.531145823,1.546053277
situp,situp,-0.786743164,0.395507813,0.009643555,-17.16463415,-8.567073171,-54.3597561,0.880615827,57.64548978,1.54641844,-1.558539376
situp,situp,-0.923339844,0.364746094,0.113769531,-13.81097561,-20.6097561,-60.45731707,0.999269577,65.34976879,1.268445118,-1.448199029
situp,situp,-1.019287109,0.064331055,0.23828125,-19.48170732,-26.06707317,-89.57317073,1.048743367,95.30153272,0.263692736,-1.341147985
situp,situp,-0.995849609,-0.149902344,0.264770508,-19.20731707,-18.65853659,-86.67682927,1.041292744,90.71898781,-0.515165046,-1.310934133
situp,situp,-0.937133789,-0.221679688,0.270385742,-14.63414634,-24.20731707,-72.77439024,1.000235008,78.07857782,-0.68673666,-1.289900789
situp,situp,-0.807373047,-0.431762695,0.295410156,-21.2195122,-20.30487805,-74.3902439,0.962048555,79.97789794,-0.970756249,-1.220035856
situp,situp,-0.847290039,-0.481689453,0.315917969,-11.8902439,-15.85365854,-64.63414634,1.024562981,67.60391455,-0.990316797,-1.213905828
situp,situp,-0.869873047,-0.581420898,0.324707031,-12.56097561,-4.207317073,-53.84146341,1.095519984,55.44711721,-1.06147232,-1.213533626
situp,situp,-0.838989258,-0.635498047,0.309814453,-8.323170732,-1.158536585,-28.26219512,1.097153471,29.48506488,-1.117186991,-1.217057724
situp,situp,-0.722900391,-0.598388672,0.299072266,-1.463414634,-7.256097561,-19.11585366,0.984935632,20.49898523,-1.107311929,-1.178525786
situp,situp,-0.687133789,-0.630126953,0.310302734,0.030487805,-11.76829268,-30.39634146,0.982598905,32.59495691,-1.113211134,-1.146620959
situp,situp,-0.672851563,-0.706787109,0.344848633,1.006097561,-13.20121951,-32.34756098,1.034986871,34.95209765,-1.116867259,-1.097184429
situp,situp,-0.644287109,-0.710205078,0.361694336,3.841463415,-9.573170732,-17.19512195,1.024851172,20.05179937,-1.099751086,-1.059252836
situp,situp,-0.608154297,-0.713012695,0.385864258,3.81097561,-5.152439024,-2.469512195,1.013474212,6.868016706,-1.074754206,-1.005406005
situp,situp,-0.599853516,-0.731445313,0.411254883,2.804878049,0.030487805,2.957317073,1.031487792,4.076026821,-1.058597051,-0.969805627
situp,situp,-0.642822266,-0.792724609,0.412719727,8.323170732,11.46341463,28.87195122,1.100895247,32.16014013,-1.090777769,-1.000034922
situp,situp,-0.725830078,-0.84362793,0.453369141,16.03658537,17.22560976,60.30487805,1.201699199,64.73462766,-1.077675047,-1.012469169
situp,situp,-0.835693359,-0.821166992,0.452636719,26.82926829,35.27439024,101.8292683,1.256016966,111.0553561,-1.06702343,-1.074401807
situp,situp,-0.774169922,-0.395629883,0.309570313,33.96341463,37.31707317,126.4939024,0.922873692,136.1865809,-0.906833364,-1.190398698
situp,situp,-0.842651367,-0.16027832,0.262817383,26.61585366,17.77439024,93.59756098,0.897119525,98.91833013,-0.547628297,-1.268464204
situp,situp,-0.780883789,0.05847168,0.241699219,30.6402439,21.95121951,100.4573171,0.819522386,107.2956343,0.237358857,-1.270628552
situp,situp,-0.786987305,0.227661133,0.187133789,22.04268293,25.24390244,78.90243902,0.840355677,85.72473018,0.882793563,-1.337346746
situp,situp,-0.828735352,0.517456055,0.106201172,22.92682927,21.64634146,73.20121951,0.982772477,79.7033383,1.368370218,-1.443342506
situp,situp,-0.75769043,0.56640625,0.112304688,16.92073171,13.99390244,56.73780488,0.952640106,60.8384662,1.375059139,-1.423647906
situp,situp,-0.693847656,0.576416016,0.070678711,19.08536585,13.87195122,38.47560976,0.904806871,45.13374311,1.448787828,-1.469281597
situp,situp,-0.689086914,0.589233398,0.0390625,11.43292683,21.2804878,26.31097561,0.907503527,35.71888036,1.504599425,-1.514169597
situp,situp,-0.763305664,0.639038086,0.014282227,8.841463415,20.76219512,27.04268293,0.995594895,35.22139863,1.548450476,-1.552087491
situp,situp,-0.747802734,0.649169922,0.028442383,0.06097561,9.603658537,28.53658537,0.990676277,30.10931218,1.527010866,-1.532780045
situp,situp,-0.676513672,0.676147461,0.052124023,3.719512195,2.073170732,34.87804878,0.957895115,35.13703309,1.493858768,-1.493900252
situp,situp,-0.610595703,0.747680664,0.046630859,2.774390244,6.067073171,34.84756098,0.966451201,35.48040479,1.508509655,-1.494574827
situp,situp,-0.528564453,0.806152344,-0.000976563,7.835365854,10.91463415,31.67682927,0.963982851,34.4084831,-1.56958494,1.568948753
situp,situp,-0.461547852,0.904541016,-0.051879883,8.262195122,7.926829268,26.79878049,1.016814827,29.14229103,-1.513504168,1.458862041
situp,situp,-0.391113281,0.938964844,-0.088745117,12.5304878,4.115853659,16.06707317,1.021029026,20.78711659,-1.476562474,1.347670494
situp,situp,-0.362060547,0.989624023,-0.128417969,11.15853659,2.591463415,5.243902439,1.061571816,12.59869574,-1.441753013,1.229952615
situp,situp,-0.382568359,0.997070313,-0.135009766,2.073170732,-2.073170732,-13.23170732,1.076445723,13.55264374,-1.436208431,1.231537092
situp,situp,-0.411865234,0.927734375,-0.108520508,-3.597560976,-6.12804878,-33.90243902,1.020833357,34.63915124,-1.454351816,1.31316627
situp,situp,-0.475830078,0.888061523,-0.060668945,-4.786585366,-11.49390244,-46.06707317,1.009330596,47.71997929,-1.502586159,1.443979294
situp,situp,-0.533569336,0.773681641,-0.032104492,-7.835365854,-5.701219512,-59.84756098,0.940377699,60.62695289,-1.52932438,1.510699483
situp,situp,-0.618408203,0.604736328,-0.000488281,-8.68902439,-3.079268293,-62.5,0.864947958,63.17619044,-1.569988899,1.57000675
situp,situp,-0.688476563,0.512084961,-0.016967773,-6.006097561,-3.62804878,-61.06707317,0.858206788,61.46888133,-1.537673762,1.546155925
situp,situp,-0.702270508,0.486694336,-0.017822266,-15.39634146,-11.49390244,-60,0.854618556,63.001247,-1.534193669,1.545423709
situp,situp,-0.749145508,0.339355469,0.061401367,-20.39634146,-21.03658537,-78.53658537,0.824712831,83.82448276,1.391797637,-1.489017253
situp,situp,-0.899047852,0.216918945,0.197631836,-20.18292683,-16.15853659,-77.4695122,0.945726817,81.66990976,0.83188996,-1.35441439
situp,situp,-1.001708984,-0.085083008,0.25012207,-22.19512195,-8.201219512,-92.40853659,1.03596383,95.38983738,-0.327887241,-1.326104419
situp,situp,-1.016723633,-0.216918945,0.231079102,-19.90853659,-8.780487805,-76.25,1.064978087,79.29381625,-0.753801052,-1.347314536
situp,situp,-0.798339844,-0.32421875,0.209594727,-23.29268293,-13.17073171,-74.26829268,0.886788731,78.94172882,-0.996913114,-1.314052234
situp,situp,-0.936157227,-0.51940918,0.270996094,-19.29878049,-16.8902439,-87.65243902,1.104361867,91.32728691,-1.089909046,-1.289021293
situp,situp,-0.855712891,-0.706176758,0.279785156,-12.34756098,-13.07926829,-78.32317073,1.144207105,80.36198476,-1.193572638,-1.254791357
situp,situp,-0.787231445,-0.692993164,0.276489258,5.304878049,-14.63414634,-41.67682927,1.084628592,44.4888533,-1.191171006,-1.233037515
situp,situp,-0.673950195,-0.601074219,0.271850586,9.512195122,-10.97560976,-16.92073171,0.943081027,22.29926069,-1.146052474,-1.187389056
situp,situp,-0.68359375,-0.636230469,0.327636719,4.359756098,-11.55487805,-16.18902439,0.989664309,20.36190538,-1.09524815,-1.123857044
situp,situp,-0.659301758,-0.673461914,0.354614258,6.25,-11.79878049,-15.30487805,1.006966251,20.31041637,-1.086131653,-1.0773188
situp,situp,-0.630737305,-0.677612305,0.359985352,4.268292683,-4.87804878,-11.52439024,0.993266046,13.22215008,-1.082457985,-1.052171426
situp,situp,-0.615600586,-0.693237305,0.357421875,0.975609756,-2.835365854,-8.353658537,0.993625905,8.875512654,-1.0947596,-1.044758611
situp,situp,-0.619262695,-0.699951172,0.360229492,2.987804878,-3.201219512,-1.493902439,1.001590343,4.626719016,-1.095497952,-1.04393611
situp,situp,-0.634277344,-0.80847168,0.424316406,5.823170732,0.213414634,8.353658537,1.111745753,10.1852086,-1.087476576,-0.981196564
situp,situp,-0.735351563,-0.974975586,0.458984375,8.81097561,18.65853659,53.50609756,1.304601844,57.34698558,-1.130809043,-1.012794098
situp,situp,-0.7890625,-0.949707031,0.491210938,16.92073171,27.34756098,94.81707317,1.328853363,100.1223133,-1.093464931,-1.013978945
situp,situp,-0.694702148,-0.568603516,0.365234375,30.82317073,41.25,141.3719512,0.969183771,150.4581634,-0.999827851,-1.086767513
situp,situp,-0.835571289,-0.286987305,0.285644531,29.75609756,26.25,125.945122,0.928511653,132.0479519,-0.787743076,-1.241395649
situp,situp,-0.743530273,0.072143555,0.178955078,31.82926829,28.75,135.5487805,0.768158108,142.1729113,0.38320844,-1.334605668
situp,situp,-0.725463867,0.381958008,0.089599609,28.56707317,27.13414634,94.75609756,0.824753195,102.6209413,1.340382672,-1.447911981
situp,situp,-0.826538086,0.520629883,0.111694336,17.95731707,13.41463415,58.1402439,0.983207154,62.31136017,1.359462821,-1.436474885
situp,situp,-0.782226563,0.486694336,0.110961914,25.33536585,6.981707317,53.68902439,0.927934437,59.77571697,1.346636866,-1.429882556
situp,situp,-0.661621094,0.535888672,0.057739258,22.16463415,10.09146341,56.70731707,0.853377386,61.71570667,1.463465507,-1.483747493
situp,situp,-0.602050781,0.656616211,0.052124023,18.96341463,11.12804878,61.79878049,0.892371506,65.5937027,1.491579662,-1.484434225
situp,situp,-0.560668945,0.798339844,0.032226563,14.3902439,13.90243902,54.75609756,0.97608131,58.2974026,1.530451258,-1.513380728
situp,situp,-0.459350586,0.840087891,-0.032714844,14.66463415,14.72560976,46.55487805,0.95802969,50.98285739,-1.531873826,1.499696605
situp,situp,-0.353515625,0.942016602,-0.088623047,14.81707317,12.28658537,36.61585366,1.010060701,41.36697447,-1.476994404,1.325167785
situp,situp,-0.282226563,0.998779297,-0.145263672,15.70121951,10.0304878,26.79878049,1.048004509,32.63914238,-1.426367805,1.095453345
situp,situp,-0.260009766,1.038696289,-0.185058594,8.719512195,10.27439024,14.78658537,1.08661941,20.00590149,-1.394482049,0.952236479
situp,situp,-0.296020508,1.050537109,-0.184326172,-0.426829268,4.756097561,-5.884146341,1.106902207,7.577982937,-1.397105351,1.013866769
situp,situp,-0.341674805,0.976196289,-0.143798828,-7.743902439,-1.981707317,-27.01219512,1.044212129,28.17008829,-1.424542878,1.172433613
situp,situp,-0.401855469,0.926879883,-0.112915039,-5.548780488,-5.213414634,-39.78658537,1.016535263,40.50853037,-1.449570933,1.296875205
situp,situp,-0.473510742,0.874145508,-0.091308594,-8.292682927,-4.115853659,-47.28658537,0.998338646,48.18433353,-1.466719068,1.380301317
situp,situp,-0.533935547,0.783325195,-0.053588867,-12.40853659,-2.5,-50.15243902,0.94950371,51.72512852,-1.502490725,1.470765512
situp,situp,-0.591308594,0.709960938,-0.025390625,-11.2195122,-2.865853659,-48.93292683,0.924302478,50.2844101,-1.535048151,1.527882969
situp,situp,-0.649658203,0.621948242,0.001586914,-8.140243902,-3.475609756,-51.31097561,0.899376403,52.0687973,1.568244811,-1.568353641
situp,situp,-0.681884766,0.548095703,0.014282227,-5.091463415,-11.73780488,-55.33536585,0.874974123,56.79526192,1.544744315,-1.549854168
situp,situp,-0.718261719,0.485229492,0.048706055,-14.66463415,-21.67682927,-63.96341463,0.868170396,69.11045386,1.470754065,-1.503088967
situp,situp,-0.726928711,0.425537109,0.141357422,-15.88414634,-32.16463415,-72.07317073,0.854101342,80.50721542,1.250078829,-1.378734825
situp,situp,-0.90625,0.190063477,0.286987305,-21.79878049,-24.3597561,-95.51829268,0.969419879,100.9570641,0.584953533,-1.264111846
situp,situp,-0.927734375,-0.032226563,0.279663086,-17.77439024,-16.34146341,-97.19512195,0.969505577,100.1492092,-0.114727497,-1.278012201
situp,situp,-0.911254883,-0.197509766,0.266845703,-24.29878049,-9.87804878,-83.68902439,0.969846482,87.70324614,-0.637176735,-1.285927458
situp,situp,-0.997924805,-0.383056641,0.325195313,-20.42682927,-15.48780488,-88.90243902,1.117290606,92.52443525,-0.866913102,-1.255776334
situp,situp,-0.877807617,-0.603881836,0.341796875,-12.31707317,-16.15853659,-84.3597561,1.118947983,86.77198307,-1.055752396,-1.199482327
situp,situp,-0.762451172,-0.634521484,0.326904297,-7.134146341,-9.542682927,-54.66463415,1.044421238,55.94802113,-1.095064251,-1.165749969
situp,situp,-0.758911133,-0.647338867,0.338623047,-4.359756098,-9.786585366,-34.20731707,1.053403666,35.84585426,-1.088839852,-1.151110381
situp,situp,-0.715942383,-0.596435547,0.33996582,1.585365854,-8.201219512,-20.70121951,0.991910085,22.32294505,-1.052730888,-1.127469724
situp,situp,-0.690551758,-0.600219727,0.34765625,0.12195122,-10.39634146,-20.67073171,0.978769799,23.1382354,-1.045800156,-1.104394877
situp,situp,-0.649414063,-0.652832031,0.374511719,2.896341463,-14.32926829,-30.73170732,0.994076111,34.03166993,-1.049960345,-1.047691597
situp,situp,-0.583984375,-0.717529297,0.391113281,-0.12195122,-11.00609756,-29.3902439,1.004418061,31.38368194,-1.071735722,-0.980674266
situp,situp,-0.557983398,-0.768310547,0.410522461,-0.304878049,-8.475609756,-21.55487805,1.034492755,23.16336934,-1.080072395,-0.936493844
situp,situp,-0.534057617,-0.762207031,0.420410156,1.25,-2.5,-4.390243902,1.021235426,5.204492436,-1.066748919,-0.90390914
situp,situp,-0.536254883,-0.745849609,0.415405273,2.62195122,4.512195122,7.195121951,1.008177802,8.888437034,-1.062628453,-0.911710289
situp,situp,-0.591064453,-0.827514648,0.438598633,1.18902439,8.475609756,17.31707317,1.107477513,19.31659294,-1.083422776,-0.932403476
situp,situp,-0.701904297,-0.977783203,0.477050781,3.932926829,23.1402439,56.73780488,1.294722782,61.40128096,-1.116883457,-0.973857554
situp,situp,-0.728149414,-0.874389648,0.47277832,24.66463415,34.20731707,104.4817073,1.232184307,112.6716995,-1.075124942,-0.994922141
situp,situp,-0.735351563,-0.529052734,0.372802734,33.87195122,42.37804878,124.4817073,0.979602264,135.7899243,-0.956949139,-1.101586599
situp,situp,-0.849853516,-0.297851563,0.276611328,34.84756098,43.07926829,119.3597561,0.94206177,131.5937964,-0.822355405,-1.256129275
situp,situp,-0.837280273,-0.010742188,0.202880859,33.62804878,29.66463415,106.4329268,0.861576632,115.4937405,-0.05289886,-1.333068894
situp,situp,-0.729614258,0.208740234,0.111938477,27.25609756,22.89634146,86.09756098,0.767098216,93.1661275,1.07856531,-1.41856191
situp,situp,-0.798461914,0.542236328,0.044189453,17.74390244,21.52439024,77.89634146,0.966185475,82.74047052,1.489481203,-1.515509507
situp,situp,-0.822021484,0.511352539,0.095703125,16.52439024,18.1097561,51.15853659,0.972810273,56.72930993,1.385779904,-1.454894
situp,situp,-0.720581055,0.530883789,0.032104492,12.5,28.17073171,50.36585366,0.895603346,59.04709426,1.510396212,-1.526272155
situp,situp,-0.691040039,0.560180664,-0.022338867,6.463414634,24.63414634,52.71341463,0.889852649,58.54332564,-1.530939477,1.538481136
situp,situp,-0.723999023,0.66796875,0.000976563,5.975609756,11.00609756,56.06707317,0.985067404,57.44874924,1.569334339,-1.569447482
situp,situp,-0.589599609,0.710205078,0.023193359,7.5,4.817073171,58.23170732,0.923340069,58.90998159,1.538150659,-1.531479125
situp,situp,-0.437988281,0.848999023,-0.030395508,8.75,9.817073171,52.40853659,0.955801738,54.03325026,-1.535010029,1.501509421
situp,situp,-0.341308594,0.943847656,-0.081298828,10.0304878,8.902439024,37.19512195,1.006950572,39.53910979,-1.484872866,1.336956444
situp,situp,-0.278198242,1.038085938,-0.140991211,15.42682927,7.804878049,23.1402439,1.083925827,28.88553393,-1.435803897,1.10172255
situp,situp,-0.249145508,1.037963867,-0.193725586,10.70121951,9.573170732,4.481707317,1.084883439,15.04152244,-1.386279289,0.909888853
situp,situp,-0.291015625,1.014282227,-0.202148438,3.201219512,1.554878049,-16.70731707,1.074394025,17.08215138,-1.374072047,0.963682899
situp,situp,-0.380249023,0.961303711,-0.163818359,5.670731707,-9.969512195,-42.71341463,1.046675976,44.22650971,-1.402005091,1.164007598
situp,situp,-0.459594727,0.884155273,-0.145751953,0.06097561,-10.82317073,-52.31707317,1.007075713,53.42490887,-1.407416885,1.263697619
situp,situp,-0.524536133,0.777709961,-0.126708984,-4.451219512,-10.39634146,-54.90853659,0.946586554,56.06107974,-1.409289647,1.333773164
situp,situp,-0.560913086,0.751220703,-0.101806641,-7.591463415,-15.6097561,-55.85365854,0.943037977,58.48868245,-1.436095358,1.391249263
situp,situp,-0.647094727,0.609619141,-0.025268555,-12.10365854,-16.58536585,-61.37195122,0.889384946,64.71544875,-1.5293703,1.53176692
situp,situp,-0.685424805,0.485839844,-0.000366211,-15.70121951,-11.52439024,-56.98170732,0.840147399,60.21839282,-1.570042558,1.570262044
situp,situp,-0.72253418,0.391235352,0.050048828,-27.56097561,-12.5304878,-65.97560976,0.823180191,72.59064392,1.443562262,-1.501638338
situp,situp,-0.845092773,0.300170898,0.112182617,-13.93292683,-23.90243902,-85.21341463,0.903808222,89.59229361,1.213140285,-1.438821992
situp,situp,-0.974609375,0.040161133,0.223144531,-23.99390244,-29.42073171,-97.83536585,1.000634715,104.9430589,0.178071744,-1.345717892
situp,situp,-1.02746582,-0.159179688,0.258666992,-26.46341463,-17.43902439,-91.49390244,1.071416258,96.82750678,-0.551654984,-1.324169022
situp,situp,-0.964599609,-0.275146484,0.27722168,-22.74390244,-14.3597561,-70.97560976,1.040677593,75.9014155,-0.781641274,-1.29094294
situp,situp,-0.867919922,-0.483520508,0.302734375,-18.41463415,-15.73170732,-62.22560976,1.038616953,66.77283786,-1.011403145,-1.235186937
situp,situp,-0.887084961,-0.571899414,0.334228516,-15.39634146,-16.43292683,-69.60365854,1.107112175,73.15570857,-1.041912709,-1.210473284
situp,situp,-0.842407227,-0.559082031,0.331542969,-11.25,-10.12195122,-41.18902439,1.064022271,43.88111355,-1.035530091,-1.195848647
situp,situp,-0.819213867,-0.56262207,0.342285156,-7.469512195,-5.274390244,-29.32926829,1.051101366,30.7216338,-1.024241544,-1.175021622
situp,situp,-0.745361328,-0.584228516,0.326538086,0.030487805,-5.518292683,-19.26829268,1.001755254,20.04294356,-1.061129138,-1.157887693
situp,situp,-0.702758789,-0.567871094,0.316772461,4.329268293,-5.213414634,-13.62804878,0.957440487,15.21992016,-1.061965607,-1.147314219
situp,situp,-0.676879883,-0.65234375,0.351806641,3.902439024,-10.09146341,-29.9695122,1.003736348,31.86280474,-1.076207968,-1.091475795
situp,situp,-0.649902344,-0.69909668,0.362304688,3.384146341,-5.091463415,-22.40853659,1.020967145,23.22752587,-1.092657983,-1.062231828
situp,situp,-0.643310547,-0.67980957,0.360595703,3.536585366,-0.670731707,-3.201219512,1.003004872,4.81716965,-1.083097154,-1.059903629
situp,situp,-0.644897461,-0.703613281,0.389648438,2.926829268,-0.365853659,2.073170732,1.030917208,3.60530378,-1.065054033,-1.027292731
situp,situp,-0.751953125,-0.974609375,0.486083984,4.664634146,9.512195122,21.37195122,1.323470655,23.85374115,-1.108151224,-0.996935876
situp,situp,-0.736816406,-1.000976563,0.508300781,24.17682927,19.81707317,61.98170732,1.342841085,69.41878352,-1.100924329,-0.966907634
situp,situp,-0.7109375,-0.563476563,0.366333008,37.34756098,35.45731707,94.51219512,0.978334216,107.6318571,-0.994329736,-1.094998315
situp,situp,-0.785766602,-0.342895508,0.344238281,34.84756098,32.07317073,98.01829268,0.923854142,108.8605828,-0.783444001,-1.157888868
situp,situp,-0.837524414,-0.17980957,0.301025391,28.23170732,30.88414634,97.59146341,0.907961955,106.1835841,-0.538449235,-1.225751795
situp,situp,-0.814819336,0.057373047,0.200439453,25.06097561,24.60365854,82.65243902,0.841069671,89.80433279,0.278782208,-1.329592962
situp,situp,-0.828491211,0.278198242,0.133300781,19.48170732,21.67682927,65.91463415,0.884059414,72.07052686,1.123961293,-1.411267718
situp,situp,-0.879882813,0.406494141,0.155639648,14.51219512,17.59146341,58.93292683,0.981659285,63.19140176,1.205132611,-1.395720523
situp,situp,-0.816894531,0.401489258,0.124023438,16.8597561,19.23780488,50.48780488,0.918636006,56.59825928,1.271186782,-1.420123901
situp,situp,-0.782592773,0.456054688,0.075683594,7.987804878,22.37804878,53.23170732,0.908936375,58.29405423,1.406342214,-1.474387357
situp,situp,-0.773925781,0.523193359,0.099975586,10.88414634,15.45731707,52.34756098,0.939514515,55.65662973,1.381985211,-1.442327965
situp,situp,-0.764038086,0.596557617,0.077636719,6.158536585,19.17682927,57.92682927,0.972451874,61.32858961,1.44138248,-1.469530231
situp,situp,-0.639648438,0.708740234,-0.002319336,11.79878049,19.42073171,51.46341463,0.954708449,56.25708032,-1.567523862,1.567170388
situp,situp,-0.520751953,0.854858398,-0.06640625,11.58536585,15.79268293,47.4695122,1.003182569,51.35157373,-1.493271021,1.44396095
situp,situp,-0.416381836,0.904907227,-0.099731445,12.04268293,14.42073171,38.84146341,1.00108805,43.14676112,-1.461027547,1.335706008
situp,situp,-0.368896484,0.974609375,-0.156982422,18.44512195,11.31097561,29.23780488,1.053846066,36.37320342,-1.411095857,1.168463306
situp,situp,-0.352416992,1.028686523,-0.181152344,5.213414634,6.768292683,13.62804878,1.102365579,16.08456377,-1.396482936,1.095989081
situp,situp,-0.396606445,0.995361328,-0.157104492,-2.743902439,-0.609756098,-13.81097561,1.082923205,14.09410694,-1.41425113,1.193637618
situp,situp,-0.43347168,0.92956543,-0.120239258,-9.024390244,-5.762195122,-33.75,1.032689239,35.40769707,-1.442160605,1.300212621
situp,situp,-0.469360352,0.869140625,-0.08984375,-10.57926829,-5.274390244,-40.30487805,0.991855063,42.0026583,-1.467791388,1.381666698
situp,situp,-0.547851563,0.817504883,-0.072143555,-8.75,-6.31097561,-47.5304878,0.986742247,48.73949306,-1.482775879,1.439865183
situp,situp,-0.594482422,0.763061523,-0.045532227,-8.140243902,-9.359756098,-48.99390244,0.968372563,50.539797,-1.511196543,1.494354193
situp,situp,-0.602294922,0.638916016,0.001708984,-6.798780488,-11.79878049,-59.90853659,0.878052259,61.43669419,1.568121515,-1.567958881
situp,situp,-0.700195313,0.464355469,0.047607422,-8.262195122,-11.31097561,-66.92073171,0.841525962,68.37094683,1.468629631,-1.502909177
situp,situp,-0.721191406,0.380737305,0.058349609,-5.426829268,-13.26219512,-76.25,0.817607862,77.58478456,1.418725271,-1.490064932
situp,situp,-0.78515625,0.396240234,0.075439453,-11.34146341,-21.49390244,-74.02439024,0.882704804,77.91166142,1.382659762,-1.47500828
situp,situp,-0.938842773,0.116333008,0.227539063,-27.5,-31.34146341,-97.92682927,0.973002131,106.4340228,0.47261981,-1.333019941
situp,situp,-0.953491211,-0.165893555,0.297241211,-21.34146341,-25.94512195,-103.8719512,1.012431972,109.1695455,-0.509049043,-1.268604125
situp,situp,-0.958496094,-0.322387695,0.301147461,-21.95121951,-13.41463415,-77.22560976,1.055148512,81.39780863,-0.819449209,-1.26637486
situp,situp,-0.842651367,-0.514770508,0.302856445,-20.12195122,-19.02439024,-81.76829268,1.032846566,86.33002973,-1.038999721,-1.225764081
situp,situp,-0.778930664,-0.623535156,0.310302734,-15.39634146,-20.45731707,-75,1.044900405,79.24991579,-1.109029888,-1.191695772
situp,situp,-0.767578125,-0.664916992,0.329101563,-14.05487805,-16.09756098,-61.06707317,1.067519847,64.69821089,-1.111195788,-1.165751001
situp,situp,-0.735717773,-0.672607422,0.353271484,-17.65243902,-11.52439024,-53.41463415,1.057583154,57.42423979,-1.0871715,-1.123136117
situp,situp,-0.627929688,-0.706542969,0.338012695,-11.58536585,-11.40243902,-45.33536585,1.00386814,48.16151694,-1.124574629,-1.076982487
situp,situp,-0.547119141,-0.8046875,0.344482422,-1.890243902,-13.07926829,-41.52439024,1.032244867,43.5765449,-1.166307397,-1.008874765
situp,situp,-0.460327148,-0.834838867,0.331176758,4.725609756,-7.073170732,-28.41463415,1.009224981,29.66062315,-1.193141965,-0.94714362
situp,situp,-0.447875977,-0.869873047,0.347900391,3.62804878,-10.48780488,-24.90853659,1.038415471,27.26888308,-1.19033834,-0.91037614
situp,situp,-0.436889648,-0.858520508,0.374023438,4.786585366,-5.365853659,-8.719512195,1.033355485,11.30193248,-1.159930936,-0.862768621
situp,situp,-0.409545898,-0.809448242,0.389526367,4.786585366,1.158536585,5.609756098,0.98725128,7.464781977,-1.122281581,-0.810446391
situp,situp,-0.425415039,-0.826416016,0.393798828,2.62195122,2.012195122,4.024390244,1.009464662,5.207616945,-1.126113401,-0.823972374
situp,situp,-0.482788086,-1.05078125,0.461914063,9.573170732,11.58536585,28.68902439,1.245226956,32.38713356,-1.156632099,-0.807490446
situp,situp,-0.569824219,-1.165161133,0.483642578,13.93292683,26.34146341,80.12195122,1.384272462,85.48406993,-1.177352434,-0.867024042
situp,situp,-0.563598633,-0.8359375,0.414672852,37.4695122,41.82926829,132.195122,1.09013233,143.628696,-1.110307895,-0.936471833
situp,situp,-0.692626953,-0.503540039,0.340942383,38.90243902,46.06707317,137.4390244,0.921697551,150.0835115,-0.975611618,-1.113371677
situp,situp,-0.836669922,-0.25769043,0.294067383,30.24390244,38.23170732,122.5,0.92352398,131.8431154,-0.719564236,-1.232809334
situp,situp,-0.815185547,-0.012207031,0.197265625,30.70121951,30,106.8597561,0.838802846,115.1589005,-0.061802381,-1.333371883
situp,situp,-0.779296875,0.286987305,0.099975586,30.18292683,24.54268293,85.45731707,0.836457082,93.89518304,1.235581139,-1.443203788
situp,situp,-0.888305664,0.462036133,0.115234375,30.6097561,18.68902439,70.51829268,1.007890521,79.1142617,1.326377226,-1.441792955
situp,situp,-0.810180664,0.466552734,0.110473633,28.90243902,17.74390244,54.23780488,0.94141839,63.96824629,1.338291542,-1.435275336
situp,situp,-0.722045898,0.473022461,0.046630859,13.1402439,22.01219512,51.79878049,0.864450672,57.79547045,1.472533174,-1.506304316
situp,situp,-0.71472168,0.564575195,0.041748047,9.085365854,19.72560976,56.46341463,0.911764844,60.49595643,1.496984719,-1.512451009
situp,situp,-0.664916992,0.667602539,0.016601563,8.993902439,18.07926829,52.62195122,0.942381753,56.36328568,1.545934015,-1.54583364
situp,situp,-0.557250977,0.739990234,-0.022216797,9.481707317,16.8597561,54.63414634,0.926610913,57.95726094,-1.540782248,1.530948865
situp,situp,-0.448364258,0.876586914,-0.112670898,15.70121951,19.84756098,57.34756098,0.99102465,62.68330496,-1.442963592,1.324600887
situp,situp,-0.341430664,0.963012695,-0.158813477,13.1097561,13.87195122,51.95121951,1.034016474,55.34641763,-1.407354237,1.135422543
situp,situp,-0.240356445,0.995727539,-0.209960938,12.4695122,15.09146341,33.81097561,1.04562333,39.06946473,-1.362978841,0.852793901
situp,situp,-0.228637695,1.028564453,-0.25390625,10.42682927,9.847560976,21.06707317,1.083830436,25.48558019,-1.328779873,0.733080656
situp,situp,-0.270629883,1.052734375,-0.221679688,-3.414634146,0.884146341,-6.768292683,1.109338579,7.632249141,-1.363253349,0.884502135
situp,situp,-0.277832031,0.997924805,-0.167602539,-8.963414634,-6.707317073,-27.04268293,1.049349877,29.26837208,-1.40439822,1.02798958
situp,situp,-0.339233398,0.962524414,-0.140991211,-8.201219512,-7.43902439,-41.15853659,1.030248061,42.6218749,-1.425350041,1.176899821
situp,situp,-0.415405273,0.897949219,-0.122802734,-7.713414634,-9.725609756,-53.7195122,0.996972844,55.13501829,-1.434880382,1.283361321
situp,situp,-0.478393555,0.80847168,-0.09375,-8.292682927,-11.58536585,-62.56097561,0.944074104,64.16280045,-1.455352393,1.377280333
situp,situp,-0.572265625,0.72253418,-0.067138672,-9.664634146,-8.536585366,-62.04268293,0.924148899,63.36854857,-1.478141285,1.45400938
situp,situp,-0.639770508,0.590454102,-0.015014648,-9.908536585,-9.237804878,-59.60365854,0.87072831,61.12374537,-1.545372822,1.547331831
situp,situp,-0.711791992,0.452636719,0.030395508,-8.719512195,-11.09756098,-60.18292683,0.844068555,61.81561643,1.503744889,-1.528119459
situp,situp,-0.700439453,0.501831055,-0.008789063,-7.317073171,-12.16463415,-36.79878049,0.861700112,39.44195899,-1.553284129,1.558249058
situp,situp,-0.76159668,0.444946289,0.070678711,-18.87195122,-19.60365854,-55.76219512,0.884874106,62.04737203,1.413264768,-1.478258046
situp,situp,-0.915771484,0.270141602,0.189453125,-29.26829268,-23.87195122,-89.29878049,0.973399395,96.9575949,0.959191416,-1.366795978
situp,situp,-1,-0.026245117,0.230224609,-43.01829268,-14.48170732,-107.7439024,1.026495093,116.9146777,-0.113507873,-1.344514625
situp,situp,-1.020019531,-0.291137695,0.284912109,-36.15853659,-15.45731707,-100.945122,1.098351451,108.3341409,-0.796205117,-1.298418068
situp,situp,-0.887207031,-0.359008789,0.255493164,-13.96341463,-15.91463415,-78.32317073,0.990606069,81.1342813,-0.952285858,-1.290408116
situp,situp,-0.806396484,-0.478271484,0.286987305,-14.87804878,-20.57926829,-80.12195122,0.980500186,84.04992377,-1.030339292,-1.228885213
situp,situp,-0.805297852,-0.656982422,0.31628418,-22.13414634,-16.8902439,-73.23170732,1.086354553,78.34592351,-1.122123263,-1.196551822
situp,situp,-0.773681641,-0.718017578,0.343017578,-9.115853659,-12.86585366,-53.1097561,1.109861966,55.40103944,-1.125124001,-1.153479996
situp,situp,-0.665649414,-0.653686523,0.326782227,5.975609756,-8.932926829,-27.95731707,0.988525081,29.95190597,-1.107223416,-1.114437111
situp,situp,-0.641479492,-0.737304688,0.337158203,2.713414634,-9.847560976,-36.2804878,1.033822903,37.69099191,-1.141900925,-1.086883259
situp,situp,-0.575927734,-0.783325195,0.354125977,4.481707317,-9.634146341,-26.64634146,1.034744569,28.68675634,-1.146213676,-1.019508025
situp,situp,-0.552490234,-0.771606445,0.3671875,4.054878049,-3.536585366,-9.237804878,1.017569961,10.69048694,-1.126635069,-0.984222731
situp,situp,-0.558959961,-0.787353516,0.396484375,2.042682927,-0.152439024,3.597560976,1.043820701,4.139835283,-1.104300076,-0.953839232
situp,situp,-0.603637695,-0.89440918,0.435424805,6.402439024,8.780487805,24.57317073,1.163589708,26.86873483,-1.117740495,-0.945894824
situp,situp,-0.740478516,-1.150146484,0.522949219,9.146341463,23.20121951,56.03658537,1.464452544,61.33556105,-1.144056889,-0.95590041
situp,situp,-0.641601563,-0.846923828,0.4296875,42.5304878,39.32926829,115.4573171,1.146108147,129.1744007,-1.101285368,-0.980689202
situp,situp,-0.756225586,-0.393798828,0.312011719,34.32926829,51.34146341,134.5426829,0.907912973,148.0411363,-0.900760517,-1.179483154
situp,situp,-0.810913086,-0.188232422,0.25012207,41.58536585,33.38414634,117.9268293,0.86923675,129.4240354,-0.645138918,-1.271609965
situp,situp,-0.814086914,0.063476563,0.108398438,38.99390244,32.86585366,107.2865854,0.823721433,118.7901518,0.52975324,-1.438421592
situp,situp,-0.836791992,0.324707031,0.067138672,26.98170732,14.08536585,85.91463415,0.900090604,91.14677406,1.366902663,-1.490734423
situp,situp,-0.811767578,0.46484375,0.104248047,18.56707317,5.457317073,76.00609756,0.941230029,78.43115058,1.350181858,-1.443074341
situp,situp,-0.747436523,0.540893555,0.117675781,12.92682927,12.13414634,59.08536585,0.930093965,61.6880935,1.356576368,-1.414638973
situp,situp,-0.689453125,0.528198242,0.114746094,13.38414634,18.07926829,49.9695122,0.876074004,54.79915569,1.356879568,-1.405877349
situp,situp,-0.639038086,0.606079102,0.074707031,11.82926829,26.61585366,46.70731707,0.883901971,55.04460666,1.448152131,-1.454419136
situp,situp,-0.663696289,0.716308594,0.014038086,7.62195122,29.69512195,43.04878049,0.976620619,52.84971059,1.551201016,-1.54964811
situp,situp,-0.622314453,0.733886719,-0.051025391,8.567073171,23.7195122,41.03658537,0.963570747,48.16649604,-1.501380425,1.488986392
situp,situp,-0.447875977,0.844848633,-0.096069336,13.65853659,15.48780488,45.33536585,0.961036639,49.81689591,-1.457570781,1.359498255
situp,situp,-0.33581543,0.98034668,-0.164306641,15.42682927,12.19512195,42.40853659,1.049213176,46.74603765,-1.404739146,1.115764158
situp,situp,-0.267578125,1.052124023,-0.204711914,9.207317073,8.902439024,24.29878049,1.104748831,27.46741418,-1.3786272,0.917729599
situp,situp,-0.279541016,1.06640625,-0.209472656,1.920731707,1.768292683,-0.091463415,1.122160534,2.612361931,-1.37683718,0.927714565
situp,situp,-0.32421875,1.050170898,-0.173583984,-2.225609756,-10.06097561,-28.81097561,1.112703066,30.59818434,-1.406986261,1.079237941
situp,situp,-0.401123047,0.93762207,-0.122558594,-9.969512195,-11.12804878,-48.04878049,1.027158923,50.3180877,-1.440821075,1.27426598
situp,situp,-0.49987793,0.847900391,-0.077026367,-12.71341463,-10.67073171,-52.92682927,0.987292297,55.46841158,-1.480201344,1.417908454
situp,situp,-0.555297852,0.749023438,-0.036865234,-17.04268293,-9.115853659,-39.69512195,0.933140322,44.15036281,-1.52161828,1.504505386
situp,situp,-0.589599609,0.712402344,-0.009277344,-24.57317073,-10.76219512,-67.07317073,0.924786931,72.23901851,-1.557774444,1.555062635
situp,situp,-0.682250977,0.550415039,0.057861328,-23.84146341,-9.512195122,-67.43902439,0.878505005,72.15898589,1.466057926,-1.486189342
situp,situp,-0.692138672,0.421630859,0.102172852,-6.859756098,-9.756097561,-60.36585366,0.816864624,61.5327066,1.33305155,-1.424235748
situp,situp,-0.727294922,0.338867188,0.106445313,-3.932926829,-3.384146341,-48.7195122,0.809394514,48.99501229,1.266435323,-1.425470284
situp,situp,-0.785766602,0.283813477,0.157714844,-5.579268293,-11.03658537,-58.01829268,0.850207748,59.32163802,1.063588273,-1.372713728
situp,situp,-1.001464844,0.163696289,0.192993164,-9.268292683,-0.365853659,-70.18292683,1.03294466,70.79320812,0.703446598,-1.380419266
situp,situp,-1.081542969,-0.055297852,0.240966797,-15.82317073,-13.87195122,-91.64634146,1.109440419,94.031142,-0.225577578,-1.35157772
situp,situp,-0.949951172,-0.232055664,0.241943359,-15.27439024,-17.74390244,-92.74390244,1.007369669,95.65346053,-0.764541029,-1.321408149
situp,situp,-0.962158203,-0.35925293,0.274658203,-16.92073171,-18.17073171,-80.73170732,1.06313132,84.46357333,-0.918063217,-1.292731276
situp,situp,-0.801269531,-0.522216797,0.279296875,-20.73170732,-16.64634146,-78.01829268,0.9963684,82.42425835,-1.079674998,-1.235397848
situp,situp,-0.798583984,-0.6015625,0.284057617,-13.99390244,-15.94512195,-68.81097561,1.039376039,72.0071287,-1.129635283,-1.229051171
situp,situp,-0.746826172,-0.692993164,0.32800293,-5.12195122,-20.70121951,-68.04878049,1.070315271,71.3120705,-1.128725028,-1.156963399
situp,situp,-0.674438477,-0.771850586,0.339355469,0.243902439,-22.10365854,-52.31707317,1.079714185,56.79531102,-1.156570388,-1.104617993
situp,situp,-0.557006836,-0.791870117,0.367797852,5.274390244,-19.90853659,-32.62195122,1.035659286,38.57927841,-1.135976658,-0.987206578
situp,situp,-0.515258789,-0.796020508,0.396606445,2.774390244,-8.353658537,-16.58536585,1.027831183,18.77645367,-1.10856054,-0.914791646
situp,situp,-0.517456055,-0.801635742,0.419799805,4.817073171,-3.81097561,-1.676829268,1.042407074,6.367062543,-1.088385458,-0.889217346
situp,situp,-0.546386719,-0.835449219,0.431518555,0.975609756,5.213414634,13.32317073,1.087530279,14.3400971,-1.094027483,-0.902325839
situp,situp,-0.621704102,-0.94128418,0.4453125,9.603658537,16.76829268,41.37195122,1.212779914,45.6622847,-1.128907213,-0.949229368
situp,situp,-0.710083008,-1.077148438,0.50378418,22.37804878,23.17073171,95.85365854,1.385014489,101.1216284,-1.133319549,-0.953741406
situp,situp,-0.699829102,-0.691162109,0.39831543,30.45731707,40.33536585,156.0670732,1.061188492,164.047314,-1.047987016,-1.053361284
situp,situp,-0.787109375,-0.25390625,0.309692383,32.80487805,31.00609756,143.8719512,0.883130185,150.7868577,-0.68673751,-1.195944603
situp,situp,-0.827758789,-0.051879883,0.305175781,33.32317073,25.30487805,112.0121951,0.883746792,119.572164,-0.168390158,-1.217580435
situp,situp,-0.776611328,0.225097656,0.169189453,39.3597561,28.87195122,98.50609756,0.826086666,109.9373968,0.926254816,-1.356291941
situp,situp,-0.771484375,0.382568359,0.126708984,24.60365854,14.63414634,61.49390244,0.870403273,67.83065892,1.250961479,-1.408009163
situp,situp,-0.780273438,0.506103516,0.127685547,29.42073171,22.04268293,62.74390244,0.938760356,72.72040029,1.32366225,-1.408591953
situp,situp,-0.670654297,0.555297852,0.036376953,19.66463415,32.25609756,65.21341463,0.871467827,75.36539732,1.505380892,-1.516608437
situp,situp,-0.616699219,0.617797852,-0.032836914,17.71341463,31.00609756,57.16463415,0.873538995,67.40132448,-1.517694744,1.517600323
situp,situp,-0.659790039,0.737426758,-0.045288086,15.73170732,17.16463415,59.69512195,0.990541332,64.07510332,-1.509459689,1.502263674
situp,situp,-0.598388672,0.731445313,-0.036499023,15.85365854,10.51829268,53.23170732,0.945734332,56.52952887,-1.520937816,1.509876291
situp,situp,-0.399047852,0.813598633,-0.090332031,18.68902439,8.018292683,50.91463415,0.910682052,54.82583899,-1.460221444,1.34817931
situp,situp,-0.26940918,0.951904297,-0.173339844,17.28658537,11.06707317,50.94512195,1.004365371,54.92459916,-1.390672001,0.999069635
situp,situp,-0.152954102,1.037231445,-0.257080078,18.38414634,13.26219512,30.67073171,1.079506459,38.13864759,-1.327840158,0.536710372
situp,situp,-0.114257813,1.046142578,-0.299560547,10.18292683,12.22560976,13.96341463,1.094168937,21.16918706,-1.291911133,0.364385586
situp,situp,-0.154174805,1.109985352,-0.304321289,-1.676829268,-1.524390244,-10.45731707,1.161227281,10.70004684,-1.303204769,0.468928406
situp,situp,-0.21887207,1.008300781,-0.224853516,-12.4695122,-12.62195122,-42.10365854,1.055999314,45.689391,-1.35138402,0.771918923
situp,situp,-0.346313477,0.938110352,-0.171875,-10.36585366,-14.14634146,-53.20121951,1.01465515,56.01731568,-1.389591956,1.110113974
situp,situp,-0.428710938,0.852539063,-0.127685547,-13.53658537,-15.0304878,-60.09146341,0.962766597,63.40456357,-1.422130441,1.281326042
situp,situp,-0.518798828,0.752807617,-0.071044922,-12.16463415,-15.85365854,-63.87195122,0.91701631,66.92490542,-1.476701734,1.43470166
situp,situp,-0.602294922,0.661499023,-0.0390625,-9.085365854,-12.34756098,-62.16463415,0.895469714,64.02693085,-1.511813337,1.506030933
situp,situp,-0.640991211,0.604248047,-0.010009766,-13.17073171,-13.56707317,-56.70731707,0.880957224,59.77669661,-1.554232185,1.555181522
situp,situp,-0.67565918,0.461669922,0.038696289,-21.67682927,-13.62804878,-60.85365854,0.819238578,66.02102997,1.487173705,-1.513586917
situp,situp,-0.748779297,0.423706055,0.080688477,-20,-16.31097561,-66.55487805,0.864122611,71.3834695,1.382614537,-1.463450529
situp,situp,-0.926025391,0.311767578,0.197265625,-15.57926829,-22.22560976,-79.90853659,0.996812808,84.39233111,1.006655542,-1.360909635
situp,situp,-0.975219727,0.066894531,0.26159668,-21.61585366,-23.1402439,-94.05487805,1.011909688,99.24231004,0.250351417,-1.308722054
situp,situp,-0.972045898,0.00793457,0.256713867,-19.51219512,-15.91463415,-82.5304878,1.005404493,86.28605191,0.030898388,-1.312595051
situp,situp,-0.905395508,-0.3203125,0.295532227,-27.86585366,-13.29268293,-94.20731707,1.004828553,99.13737847,-0.825614327,-1.255287585
situp,situp,-0.844360352,-0.521972656,0.30871582,-18.23170732,-21.67682927,-96.55487805,1.039569774,100.6236779,-1.036694276,-1.220273646
situp,situp,-0.79675293,-0.616821289,0.334472656,-20.12195122,-24.90853659,-71.98170732,1.061675888,78.78257615,-1.073921033,-1.173342865
situp,situp,-0.771972656,-0.607055664,0.339233398,-8.658536585,-13.38414634,-43.96341463,1.039008017,46.76416849,-1.061208569,-1.156761178
situp,situp,-0.743896484,-0.661376953,0.359863281,-2.469512195,-14.45121951,-42.31707317,1.058443685,44.78471745,-1.072484721,-1.120229367
situp,situp,-0.666015625,-0.686889648,0.374511719,5.823170732,-15.88414634,-29.20731707,1.027449867,33.75326344,-1.07162394,-1.058546108
situp,situp,-0.600097656,-0.723632813,0.391845703,1.18902439,-17.13414634,-32.62195122,1.018481566,36.86711884,-1.074504007,-0.99233614
situp,situp,-0.545532227,-0.758056641,0.43347168,-0.792682927,-14.02439024,-25.45731707,1.029637305,29.07553714,-1.051355452,-0.899365997
situp,situp,-0.522338867,-0.760131836,0.453125,-0.518292683,-5.091463415,-8.81097561,1.027599419,10.18945132,-1.033239301,-0.85623427
,,,,,,,,,,,
